Date,Open,High,Low,Close,Volume
01/02/2019 05:00:00,1.1269,1.1269,1.1261,1.1267,4946
02/01/2019 06:00:00,1.1267,1.1271,1.1263,1.1264,7824
02/01/2019 07:00:00,1.1265,1.1265,1.1234,1.1236,15049
02/01/2019 08:00:00,1.1236,1.1246,1.1226,1.1246,13246
02/01/2019 09:00:00,1.1246,1.1258,1.1242,1.1257,8082
02/01/2019 10:00:00,1.1257,1.1262,1.1254,1.1256,8234
02/01/2019 11:00:00,1.1256,1.1258,1.1242,1.1243,8500
02/01/2019 12:00:00,1.1242,1.1243,1.1231,1.1238,17499
02/01/2019 13:00:00,1.1238,1.1246,1.123,1.123,21078
02/01/2019 14:00:00,1.1231,1.1238,1.1221,1.1222,24452
02/01/2019 15:00:00,1.1222,1.1231,1.1221,1.1227,13645
02/01/2019 16:00:00,1.1227,1.1228,1.1218,1.1226,13864
02/01/2019 17:00:00,1.1227,1.1236,1.1219,1.1231,10630
02/01/2019 18:00:00,1.1231,1.1243,1.1231,1.1238,9726
02/01/2019 19:00:00,1.1238,1.1239,1.1233,1.1234,9462
02/01/2019 20:00:00,1.1234,1.1237,1.1229,1.123,3662
02/01/2019 21:00:00,1.123,1.1233,1.1183,1.1197,10104
02/01/2019 22:00:00,1.1197,1.1213,1.1184,1.119,14013
02/01/2019 23:00:00,1.1191,1.1213,1.1188,1.1205,7235
03/01/2019 00:00:00,1.1205,1.1209,1.1197,1.1205,4953
03/01/2019 01:00:00,1.1205,1.1219,1.1205,1.1212,5042
03/01/2019 02:00:00,1.1212,1.1222,1.121,1.1215,4240
03/01/2019 03:00:00,1.1215,1.1216,1.1212,1.1212,2075
03/01/2019 04:00:00,1.1212,1.1213,1.12,1.1204,4111
03/01/2019 05:00:00,1.1204,1.1206,1.1194,1.1202,3776
03/01/2019 06:00:00,1.1202,1.1221,1.12,1.1218,11957
03/01/2019 07:00:00,1.1218,1.1231,1.1215,1.1221,16789
03/01/2019 08:00:00,1.122,1.1231,1.1217,1.1223,10724
03/01/2019 09:00:00,1.1222,1.1238,1.1218,1.1234,9547
03/01/2019 10:00:00,1.1234,1.1236,1.1218,1.1223,10277
03/01/2019 11:00:00,1.1223,1.1228,1.1221,1.1223,7501
03/01/2019 12:00:00,1.1223,1.1233,1.1216,1.1233,16183
03/01/2019 13:00:00,1.1233,1.1248,1.1233,1.1241,18617
03/01/2019 14:00:00,1.1241,1.1271,1.1231,1.127,48849
03/01/2019 15:00:00,1.127,1.1276,1.1265,1.127,34854
03/01/2019 16:00:00,1.127,1.1275,1.1266,1.1273,17126
03/01/2019 17:00:00,1.1273,1.1277,1.1265,1.1275,12319
03/01/2019 18:00:00,1.1275,1.1278,1.1264,1.1264,12590
03/01/2019 19:00:00,1.1264,1.1266,1.126,1.1261,12661
03/01/2019 20:00:00,1.1261,1.1261,1.124,1.1243,5066
03/01/2019 21:00:00,1.1243,1.1245,1.1236,1.1243,6895
03/01/2019 22:00:00,1.1244,1.1251,1.1242,1.1246,4251
03/01/2019 23:00:00,1.1246,1.1251,1.1245,1.1248,4147
04/01/2019 00:00:00,1.1248,1.125,1.1241,1.125,3455
04/01/2019 01:00:00,1.125,1.1253,1.1246,1.1246,1620
04/01/2019 02:00:00,1.1246,1.1253,1.1243,1.125,2107
04/01/2019 03:00:00,1.125,1.1255,1.1248,1.1253,1945
04/01/2019 04:00:00,1.1253,1.1253,1.1244,1.1245,1576
04/01/2019 05:00:00,1.1245,1.1245,1.1239,1.1243,1994
04/01/2019 06:00:00,1.1243,1.1257,1.1239,1.1257,6624
04/01/2019 07:00:00,1.1257,1.1258,1.1246,1.1248,8203
04/01/2019 08:00:00,1.1249,1.1258,1.1245,1.1254,8366
04/01/2019 09:00:00,1.1254,1.1269,1.1254,1.1262,8996
04/01/2019 10:00:00,1.1262,1.1267,1.1259,1.1263,6211
04/01/2019 11:00:00,1.1263,1.1267,1.1256,1.1259,6360
04/01/2019 12:00:00,1.1258,1.1259,1.1247,1.1249,23173
04/01/2019 13:00:00,1.1249,1.1252,1.1235,1.1238,23703
04/01/2019 14:00:00,1.1239,1.1259,1.1231,1.1246,37692
04/01/2019 15:00:00,1.1246,1.1256,1.1246,1.125,22215
04/01/2019 16:00:00,1.125,1.125,1.1238,1.1246,13906
04/01/2019 17:00:00,1.1246,1.1253,1.1244,1.1246,8124
04/01/2019 18:00:00,1.1246,1.1248,1.1239,1.1244,11761
04/01/2019 19:00:00,1.1244,1.125,1.1244,1.1247,5385
04/01/2019 20:00:00,1.1247,1.1249,1.1241,1.1243,3045
04/01/2019 21:00:00,1.1241,1.1243,1.1241,1.1242,11
04/01/2019 22:00:00,1.1227,1.1227,1.1227,1.1227,2
06/01/2019 21:00:00,1.1234,1.1244,1.123,1.1237,49
06/01/2019 22:00:00,1.1251,1.126,1.1248,1.1249,6969
06/01/2019 23:00:00,1.1249,1.1249,1.1241,1.1241,3268
07/01/2019 00:00:00,1.1241,1.1247,1.1239,1.1242,2679
07/01/2019 01:00:00,1.1242,1.1243,1.1241,1.1242,1538
07/01/2019 02:00:00,1.1242,1.1244,1.124,1.1244,2209
07/01/2019 03:00:00,1.1244,1.1249,1.1243,1.1245,2349
07/01/2019 04:00:00,1.1245,1.1246,1.1241,1.1246,1335
07/01/2019 05:00:00,1.1246,1.1247,1.1237,1.1238,2422
07/01/2019 06:00:00,1.1238,1.1253,1.1234,1.1253,8498
07/01/2019 07:00:00,1.1253,1.1255,1.124,1.1249,9998
07/01/2019 08:00:00,1.1249,1.1251,1.124,1.1241,6871
07/01/2019 09:00:00,1.1241,1.1245,1.1234,1.1241,5384
07/01/2019 10:00:00,1.1241,1.1242,1.1232,1.1234,4469
07/01/2019 11:00:00,1.1234,1.1236,1.1228,1.1229,7747
07/01/2019 12:00:00,1.1229,1.1234,1.1226,1.123,12543
07/01/2019 13:00:00,1.123,1.1239,1.1229,1.1231,13172
07/01/2019 14:00:00,1.1231,1.1255,1.1225,1.1254,21751
07/01/2019 15:00:00,1.1253,1.1257,1.1241,1.1248,14178
07/01/2019 16:00:00,1.1248,1.125,1.1237,1.125,8109
07/01/2019 17:00:00,1.125,1.1255,1.1246,1.1247,8110
07/01/2019 18:00:00,1.1247,1.1251,1.1244,1.1245,5816
07/01/2019 19:00:00,1.1245,1.1246,1.1241,1.1243,4905
07/01/2019 20:00:00,1.1242,1.1243,1.1239,1.124,1790
07/01/2019 21:00:00,1.1241,1.1244,1.1235,1.1243,3960
07/01/2019 22:00:00,1.1243,1.1243,1.1237,1.1241,4476
07/01/2019 23:00:00,1.1241,1.1246,1.1237,1.1237,3124
08/01/2019 00:00:00,1.1237,1.1239,1.1228,1.1229,4479
08/01/2019 01:00:00,1.1229,1.1235,1.1228,1.1229,3008
08/01/2019 02:00:00,1.1229,1.1233,1.1226,1.1233,2582
08/01/2019 03:00:00,1.1233,1.1236,1.1228,1.123,2576
08/01/2019 04:00:00,1.123,1.123,1.1226,1.1229,2115
08/01/2019 05:00:00,1.1229,1.1231,1.1226,1.1227,2248
08/01/2019 06:00:00,1.1227,1.1231,1.122,1.1224,9504
08/01/2019 07:00:00,1.1224,1.1235,1.122,1.1227,7734
08/01/2019 08:00:00,1.1227,1.1232,1.1223,1.1227,5776
08/01/2019 09:00:00,1.1227,1.1229,1.1222,1.1226,7222
08/01/2019 10:00:00,1.1226,1.1234,1.1224,1.123,6748
08/01/2019 11:00:00,1.123,1.1235,1.1223,1.1233,7084
08/01/2019 12:00:00,1.1233,1.1238,1.1228,1.1232,15628
08/01/2019 13:00:00,1.1232,1.1236,1.1225,1.1228,11223
08/01/2019 14:00:00,1.1228,1.1231,1.1222,1.1229,15096
08/01/2019 15:00:00,1.123,1.123,1.1221,1.1228,10783
08/01/2019 16:00:00,1.1228,1.1235,1.1225,1.1234,6650
08/01/2019 17:00:00,1.1234,1.1236,1.1227,1.1228,5920
08/01/2019 18:00:00,1.1228,1.1229,1.1225,1.1227,4607
08/01/2019 19:00:00,1.1227,1.1231,1.1227,1.1228,3708
08/01/2019 20:00:00,1.1228,1.1231,1.1227,1.1227,2340
08/01/2019 21:00:00,1.1227,1.123,1.1222,1.1228,2498
08/01/2019 22:00:00,1.1228,1.1238,1.1228,1.1236,2731
08/01/2019 23:00:00,1.1236,1.1238,1.1234,1.1234,2940
09/01/2019 00:00:00,1.1234,1.1239,1.1233,1.1239,2655
09/01/2019 01:00:00,1.1239,1.1242,1.1237,1.1239,2503
09/01/2019 02:00:00,1.124,1.1247,1.1239,1.1246,1759
09/01/2019 03:00:00,1.1246,1.1246,1.1243,1.1246,1864
09/01/2019 04:00:00,1.1246,1.1248,1.1243,1.1245,2272
09/01/2019 05:00:00,1.1245,1.1247,1.1243,1.1245,2125
09/01/2019 06:00:00,1.1245,1.1248,1.1242,1.1245,9216
09/01/2019 07:00:00,1.1245,1.1248,1.1237,1.1237,11597
09/01/2019 08:00:00,1.1237,1.1238,1.1228,1.123,10422
09/01/2019 09:00:00,1.1229,1.1231,1.1225,1.1227,8602
09/01/2019 10:00:00,1.1227,1.1236,1.1225,1.1234,7985
09/01/2019 11:00:00,1.1234,1.1235,1.1229,1.1235,9033
09/01/2019 12:00:00,1.1235,1.1237,1.122,1.1221,11465
09/01/2019 13:00:00,1.1221,1.1239,1.1209,1.1231,25601
09/01/2019 14:00:00,1.1231,1.1249,1.1229,1.1245,28639
09/01/2019 15:00:00,1.1245,1.1265,1.1242,1.1255,23704
09/01/2019 16:00:00,1.1255,1.1256,1.1249,1.1253,9641
09/01/2019 17:00:00,1.1254,1.1258,1.1247,1.1253,8575
09/01/2019 18:00:00,1.1253,1.1258,1.125,1.1256,18788
09/01/2019 19:00:00,1.1256,1.126,1.1243,1.1244,10974
09/01/2019 20:00:00,1.1245,1.1249,1.1243,1.1248,4243
09/01/2019 21:00:00,1.1247,1.1252,1.1242,1.1248,6164
09/01/2019 22:00:00,1.1248,1.1257,1.1245,1.1254,7759
09/01/2019 23:00:00,1.1253,1.1254,1.1241,1.1248,8251
10/01/2019 00:00:00,1.1248,1.1249,1.1238,1.1239,9466
10/01/2019 01:00:00,1.1239,1.1245,1.1238,1.1244,4569
10/01/2019 02:00:00,1.1244,1.1249,1.1244,1.1244,6189
10/01/2019 03:00:00,1.1244,1.1245,1.1239,1.1243,4264
10/01/2019 04:00:00,1.1243,1.1246,1.124,1.1244,3821
10/01/2019 05:00:00,1.1244,1.1248,1.1242,1.1243,3926
10/01/2019 06:00:00,1.1243,1.1254,1.1238,1.1252,17018
10/01/2019 07:00:00,1.1252,1.1257,1.1246,1.1251,20493
10/01/2019 08:00:00,1.1252,1.1255,1.1247,1.125,19120
10/01/2019 09:00:00,1.125,1.1261,1.1246,1.1253,13362
10/01/2019 10:00:00,1.1254,1.1264,1.1254,1.1264,12015
10/01/2019 11:00:00,1.1264,1.1273,1.1263,1.1272,12264
10/01/2019 12:00:00,1.1272,1.1286,1.1272,1.128,17559
10/01/2019 13:00:00,1.128,1.1295,1.128,1.1291,20348
10/01/2019 14:00:00,1.1291,1.1302,1.1289,1.1295,22382
10/01/2019 15:00:00,1.1295,1.1309,1.1293,1.1308,13001
10/01/2019 16:00:00,1.1308,1.1309,1.1299,1.1309,13960
10/01/2019 17:00:00,1.1309,1.1311,1.1303,1.1311,14436
10/01/2019 18:00:00,1.131,1.1318,1.131,1.1318,7033
10/01/2019 19:00:00,1.1318,1.1323,1.1316,1.1323,4918
10/01/2019 20:00:00,1.1323,1.1324,1.1321,1.1322,2570
10/01/2019 21:00:00,1.1322,1.1322,1.1312,1.1315,5574
10/01/2019 22:00:00,1.1314,1.1324,1.1314,1.1323,4803
10/01/2019 23:00:00,1.1324,1.1329,1.1323,1.1323,4967
11/01/2019 00:00:00,1.1324,1.1332,1.132,1.1329,3413
11/01/2019 01:00:00,1.1329,1.1333,1.1328,1.1332,2701
11/01/2019 02:00:00,1.1332,1.1335,1.133,1.1334,2197
11/01/2019 03:00:00,1.1334,1.1334,1.1328,1.1331,2962
11/01/2019 04:00:00,1.1331,1.1332,1.1327,1.1329,2832
11/01/2019 05:00:00,1.1328,1.1332,1.1327,1.1327,2741
11/01/2019 06:00:00,1.1327,1.1334,1.1319,1.1321,9065
11/01/2019 07:00:00,1.1321,1.1329,1.1321,1.1323,11351
11/01/2019 08:00:00,1.1323,1.1324,1.1309,1.1324,11754
11/01/2019 09:00:00,1.1324,1.133,1.132,1.1325,14643
11/01/2019 10:00:00,1.1325,1.134,1.1322,1.1337,12112
11/01/2019 11:00:00,1.1337,1.1339,1.1323,1.1326,9723
11/01/2019 12:00:00,1.1326,1.1327,1.1317,1.1319,13107
11/01/2019 13:00:00,1.1319,1.132,1.1292,1.1293,28822
11/01/2019 14:00:00,1.1293,1.1297,1.1279,1.1285,19787
11/01/2019 15:00:00,1.1285,1.1285,1.1273,1.1282,12553
11/01/2019 16:00:00,1.1282,1.1287,1.1278,1.1286,8349
11/01/2019 17:00:00,1.1286,1.129,1.1284,1.1288,5057
11/01/2019 18:00:00,1.1288,1.1288,1.1283,1.1284,3900
11/01/2019 19:00:00,1.1284,1.1287,1.1276,1.1276,6315
11/01/2019 20:00:00,1.1276,1.1284,1.1276,1.1283,2485
11/01/2019 21:00:00,1.1282,1.1282,1.1282,1.1282,13
11/01/2019 22:00:00,1.1274,1.1282,1.1274,1.1282,67
13/01/2019 19:00:00,1.1282,1.1282,1.1279,1.1281,26
13/01/2019 20:00:00,1.1281,1.1285,1.1281,1.1282,85
13/01/2019 21:00:00,1.1281,1.1286,1.1275,1.1281,6934
13/01/2019 22:00:00,1.1281,1.1283,1.1274,1.1277,3237
13/01/2019 23:00:00,1.1277,1.1282,1.1276,1.1279,1274
14/01/2019 00:00:00,1.1279,1.1285,1.1278,1.128,1422
14/01/2019 01:00:00,1.1281,1.1281,1.1276,1.1277,1700
14/01/2019 02:00:00,1.1277,1.1279,1.1275,1.1278,2401
14/01/2019 03:00:00,1.1278,1.1283,1.1278,1.1282,1702
14/01/2019 04:00:00,1.1283,1.1287,1.1282,1.1285,2242
14/01/2019 05:00:00,1.1285,1.1287,1.128,1.1285,2560
14/01/2019 06:00:00,1.1285,1.1288,1.1275,1.1284,11028
14/01/2019 07:00:00,1.1284,1.1285,1.1273,1.1273,9874
14/01/2019 08:00:00,1.1273,1.1274,1.1263,1.1265,9267
14/01/2019 09:00:00,1.1265,1.1267,1.1254,1.1267,10017
14/01/2019 10:00:00,1.1266,1.1267,1.1252,1.1258,13053
14/01/2019 11:00:00,1.1258,1.1261,1.1256,1.126,11330
14/01/2019 12:00:00,1.126,1.1261,1.1255,1.1258,12145
14/01/2019 13:00:00,1.1258,1.1259,1.1251,1.1254,10610
14/01/2019 14:00:00,1.1254,1.1256,1.1247,1.1249,15129
14/01/2019 15:00:00,1.1249,1.1256,1.1247,1.1256,11791
14/01/2019 16:00:00,1.1256,1.1257,1.1247,1.125,4865
14/01/2019 17:00:00,1.125,1.1261,1.1248,1.1257,4159
14/01/2019 18:00:00,1.1257,1.1258,1.1251,1.1252,4746
14/01/2019 19:00:00,1.1252,1.1253,1.1249,1.1253,3081
14/01/2019 20:00:00,1.1253,1.1254,1.125,1.125,2426
14/01/2019 21:00:00,1.125,1.1252,1.1245,1.1247,8381
14/01/2019 22:00:00,1.1247,1.1258,1.1245,1.1256,2021
14/01/2019 23:00:00,1.1256,1.1263,1.1254,1.1262,2065
15/01/2019 00:00:00,1.1262,1.1264,1.1258,1.1259,3474
15/01/2019 01:00:00,1.1259,1.1263,1.1259,1.126,2205
15/01/2019 02:00:00,1.126,1.1265,1.126,1.1263,2268
15/01/2019 03:00:00,1.1263,1.1265,1.126,1.1262,3181
15/01/2019 04:00:00,1.1262,1.1264,1.1259,1.1264,3029
15/01/2019 05:00:00,1.1264,1.1265,1.126,1.1263,1917
15/01/2019 06:00:00,1.1263,1.1264,1.1257,1.1261,7253
15/01/2019 07:00:00,1.1261,1.1269,1.1257,1.1266,12195
15/01/2019 08:00:00,1.1266,1.1272,1.1252,1.1262,14455
15/01/2019 09:00:00,1.1262,1.1275,1.1261,1.1274,12131
15/01/2019 10:00:00,1.1274,1.1279,1.1272,1.1274,10507
15/01/2019 11:00:00,1.1274,1.1275,1.1261,1.1268,14727
15/01/2019 12:00:00,1.1268,1.1272,1.1261,1.1265,17254
15/01/2019 13:00:00,1.1265,1.129,1.1264,1.1289,13991
15/01/2019 14:00:00,1.1289,1.129,1.1263,1.128,16763
15/01/2019 15:00:00,1.128,1.1281,1.1255,1.1261,22464
15/01/2019 16:00:00,1.1261,1.1267,1.1259,1.1259,10075
15/01/2019 17:00:00,1.1259,1.1265,1.1258,1.1263,7915
15/01/2019 18:00:00,1.1263,1.1269,1.1257,1.1265,12724
15/01/2019 19:00:00,1.1265,1.1275,1.1265,1.1267,11736
15/01/2019 20:00:00,1.1267,1.1273,1.1267,1.1271,3959
15/01/2019 21:00:00,1.1272,1.1273,1.1265,1.1268,4365
15/01/2019 22:00:00,1.1268,1.1276,1.1268,1.127,2361
15/01/2019 23:00:00,1.127,1.127,1.1266,1.1268,3358
16/01/2019 00:00:00,1.1268,1.127,1.1261,1.1262,3111
16/01/2019 01:00:00,1.1262,1.1267,1.126,1.1265,2153
16/01/2019 02:00:00,1.1265,1.1266,1.1261,1.1266,1809
16/01/2019 03:00:00,1.1266,1.1272,1.1265,1.1272,2085
16/01/2019 04:00:00,1.1272,1.128,1.1269,1.1279,2413
16/01/2019 05:00:00,1.1279,1.128,1.1272,1.1273,2991
16/01/2019 06:00:00,1.1274,1.1279,1.1267,1.1268,9091
16/01/2019 07:00:00,1.1268,1.1279,1.1268,1.1277,11787
16/01/2019 08:00:00,1.1277,1.1285,1.1275,1.1276,9115
16/01/2019 09:00:00,1.1276,1.1277,1.1267,1.1267,6704
16/01/2019 10:00:00,1.1267,1.1272,1.1265,1.1268,10204
16/01/2019 11:00:00,1.1268,1.1276,1.1267,1.1271,10760
16/01/2019 12:00:00,1.1271,1.1272,1.1266,1.1267,9950
16/01/2019 13:00:00,1.1267,1.1291,1.1267,1.1287,13959
16/01/2019 14:00:00,1.1288,1.1294,1.1284,1.1285,16241
16/01/2019 15:00:00,1.1285,1.1293,1.1283,1.1293,10802
16/01/2019 16:00:00,1.1293,1.1293,1.128,1.1283,5923
16/01/2019 17:00:00,1.1283,1.1286,1.1283,1.1286,3531
16/01/2019 18:00:00,1.1286,1.1296,1.1285,1.129,7584
16/01/2019 19:00:00,1.129,1.1292,1.1283,1.1285,6474
16/01/2019 20:00:00,1.1285,1.1285,1.1282,1.1283,1835
16/01/2019 21:00:00,1.1283,1.1287,1.1277,1.1281,5257
16/01/2019 22:00:00,1.1281,1.1286,1.1277,1.1285,4123
16/01/2019 23:00:00,1.1286,1.1288,1.1283,1.1284,2842
17/01/2019 00:00:00,1.1284,1.129,1.1283,1.1287,3451
17/01/2019 01:00:00,1.1287,1.1291,1.1287,1.1289,3176
17/01/2019 02:00:00,1.1289,1.1293,1.1288,1.129,2420
17/01/2019 03:00:00,1.129,1.1293,1.1289,1.129,2847
17/01/2019 04:00:00,1.129,1.1291,1.1286,1.129,2119
17/01/2019 05:00:00,1.129,1.1292,1.1286,1.1287,3358
17/01/2019 06:00:00,1.1287,1.1295,1.1281,1.1288,10334
17/01/2019 07:00:00,1.1288,1.1305,1.1287,1.1302,11277
17/01/2019 08:00:00,1.1302,1.1314,1.1301,1.1305,8794
17/01/2019 09:00:00,1.1305,1.1313,1.1302,1.1313,8929
17/01/2019 10:00:00,1.1313,1.1315,1.1308,1.1314,8041
17/01/2019 11:00:00,1.1314,1.1315,1.1309,1.1312,7628
17/01/2019 12:00:00,1.1312,1.1316,1.1307,1.1312,13603
17/01/2019 13:00:00,1.1312,1.1322,1.1311,1.1319,13919
17/01/2019 14:00:00,1.1319,1.1331,1.1313,1.1319,18548
17/01/2019 15:00:00,1.1319,1.1323,1.1313,1.1321,14580
17/01/2019 16:00:00,1.1321,1.1326,1.1318,1.1319,5426
17/01/2019 17:00:00,1.1319,1.132,1.1313,1.1313,4983
17/01/2019 18:00:00,1.1313,1.1326,1.1311,1.1319,9587
17/01/2019 19:00:00,1.1319,1.1323,1.1315,1.1318,7640
17/01/2019 20:00:00,1.1318,1.1322,1.1316,1.1322,2890
17/01/2019 21:00:00,1.1322,1.1323,1.1311,1.1312,864
17/01/2019 22:00:00,1.1312,1.1324,1.1312,1.1323,1559
17/01/2019 23:00:00,1.1323,1.1324,1.1321,1.1322,2785
18/01/2019 00:00:00,1.1322,1.1327,1.1321,1.1325,3478
18/01/2019 01:00:00,1.1325,1.1327,1.1322,1.1324,3010
18/01/2019 02:00:00,1.1324,1.1326,1.1322,1.1323,2370
18/01/2019 03:00:00,1.1324,1.1324,1.1321,1.1322,1644
18/01/2019 04:00:00,1.1322,1.1324,1.1321,1.1323,1588
18/01/2019 05:00:00,1.1323,1.1328,1.1321,1.1326,2430
18/01/2019 06:00:00,1.1326,1.133,1.1323,1.1325,7071
18/01/2019 07:00:00,1.1325,1.1332,1.1324,1.1329,8010
18/01/2019 08:00:00,1.1329,1.1336,1.1327,1.1332,6364
18/01/2019 09:00:00,1.1332,1.1338,1.1329,1.1337,7686
18/01/2019 10:00:00,1.1337,1.1337,1.133,1.1332,7248
18/01/2019 11:00:00,1.1331,1.1336,1.1331,1.1332,5776
18/01/2019 12:00:00,1.1332,1.1334,1.133,1.1333,7497
18/01/2019 13:00:00,1.1333,1.1333,1.1314,1.1317,14469
18/01/2019 14:00:00,1.1317,1.1317,1.1301,1.1316,24853
18/01/2019 15:00:00,1.1316,1.1317,1.1306,1.1311,14025
18/01/2019 16:00:00,1.1311,1.1312,1.1306,1.1309,5137
18/01/2019 17:00:00,1.1309,1.1314,1.1308,1.1313,4173
18/01/2019 18:00:00,1.1313,1.1317,1.1312,1.1315,4297
18/01/2019 19:00:00,1.1315,1.1316,1.1314,1.1314,3628
18/01/2019 20:00:00,1.1314,1.1316,1.1311,1.1311,2223
18/01/2019 21:00:00,1.1311,1.1312,1.1311,1.1312,5
18/01/2019 22:00:00,1.1304,1.1307,1.1304,1.1304,8
20/01/2019 19:00:00,1.1303,1.1307,1.1302,1.1304,19
20/01/2019 20:00:00,1.1307,1.1307,1.1301,1.1307,22
20/01/2019 21:00:00,1.1303,1.1316,1.1301,1.1304,1504
20/01/2019 22:00:00,1.1305,1.1316,1.1305,1.1313,2635
20/01/2019 23:00:00,1.1313,1.1321,1.1311,1.1319,4107
21/01/2019 00:00:00,1.132,1.1322,1.1313,1.1321,4355
21/01/2019 01:00:00,1.1321,1.1327,1.132,1.1321,3737
21/01/2019 02:00:00,1.1321,1.1321,1.1318,1.1318,1622
21/01/2019 03:00:00,1.1318,1.1323,1.1317,1.1322,1389
21/01/2019 04:00:00,1.1323,1.1325,1.1321,1.1324,2212
21/01/2019 05:00:00,1.1324,1.1326,1.1323,1.1325,2168
21/01/2019 06:00:00,1.1325,1.1332,1.1324,1.1329,5206
21/01/2019 07:00:00,1.1329,1.1331,1.1321,1.1325,6053
21/01/2019 08:00:00,1.1325,1.1344,1.1323,1.1344,5901
21/01/2019 09:00:00,1.1344,1.1344,1.1336,1.1343,5702
21/01/2019 10:00:00,1.1343,1.1344,1.1341,1.1342,3841
21/01/2019 11:00:00,1.1342,1.1347,1.134,1.1343,4629
21/01/2019 12:00:00,1.1343,1.1345,1.134,1.134,5964
21/01/2019 13:00:00,1.134,1.1341,1.1331,1.1334,4972
21/01/2019 14:00:00,1.1334,1.134,1.1334,1.1338,4970
21/01/2019 15:00:00,1.1338,1.1343,1.1336,1.1338,4476
21/01/2019 16:00:00,1.1338,1.134,1.1334,1.134,1953
21/01/2019 17:00:00,1.134,1.1342,1.1335,1.134,3042
21/01/2019 18:00:00,1.134,1.1343,1.1339,1.1342,3639
21/01/2019 19:00:00,1.1342,1.1342,1.1335,1.1337,3377
21/01/2019 20:00:00,1.1335,1.134,1.133,1.1331,4396
21/01/2019 21:00:00,1.1331,1.1342,1.1328,1.1337,1315
21/01/2019 22:00:00,1.1338,1.1343,1.1338,1.134,2688
21/01/2019 23:00:00,1.134,1.1343,1.1338,1.1339,2585
22/01/2019 00:00:00,1.1339,1.1343,1.1338,1.1341,2269
22/01/2019 01:00:00,1.1342,1.1343,1.1338,1.134,1253
22/01/2019 02:00:00,1.134,1.1343,1.1339,1.134,2540
22/01/2019 03:00:00,1.134,1.134,1.1335,1.1336,2960
22/01/2019 04:00:00,1.1336,1.1338,1.1329,1.1333,2893
22/01/2019 05:00:00,1.1333,1.1333,1.1327,1.1329,1704
22/01/2019 06:00:00,1.1329,1.133,1.132,1.1325,6574
22/01/2019 07:00:00,1.1325,1.133,1.1321,1.1328,11786
22/01/2019 08:00:00,1.1328,1.1333,1.1325,1.1328,7347
22/01/2019 09:00:00,1.1326,1.133,1.1323,1.1323,6907
22/01/2019 10:00:00,1.1323,1.1324,1.1317,1.1317,6123
22/01/2019 11:00:00,1.1317,1.1329,1.1317,1.1328,7882
22/01/2019 12:00:00,1.1328,1.1334,1.1323,1.1324,14170
22/01/2019 13:00:00,1.1324,1.1336,1.1319,1.1335,14539
22/01/2019 14:00:00,1.1335,1.1337,1.1326,1.1329,15480
22/01/2019 15:00:00,1.1329,1.1331,1.1326,1.1328,11253
22/01/2019 16:00:00,1.1328,1.1335,1.1327,1.1334,5721
22/01/2019 17:00:00,1.1334,1.1335,1.1329,1.133,8011
22/01/2019 18:00:00,1.133,1.1332,1.1327,1.1329,5046
22/01/2019 19:00:00,1.1329,1.133,1.1326,1.1327,5769
22/01/2019 20:00:00,1.1327,1.1333,1.1326,1.1329,3776
22/01/2019 21:00:00,1.1328,1.1333,1.1324,1.1331,4758
22/01/2019 22:00:00,1.1331,1.1333,1.1329,1.1331,4280
22/01/2019 23:00:00,1.1331,1.1335,1.1331,1.1332,2834
23/01/2019 00:00:00,1.1332,1.1338,1.1331,1.1336,4004
23/01/2019 01:00:00,1.1336,1.1338,1.1333,1.1336,2411
23/01/2019 02:00:00,1.1336,1.1338,1.1334,1.1335,2949
23/01/2019 03:00:00,1.1334,1.1338,1.1333,1.1337,2452
23/01/2019 04:00:00,1.1337,1.1337,1.1334,1.1336,3095
23/01/2019 05:00:00,1.1335,1.1344,1.1335,1.1343,2360
23/01/2019 06:00:00,1.1343,1.1344,1.1338,1.1339,6943
23/01/2019 07:00:00,1.1339,1.134,1.1331,1.1337,9977
23/01/2019 08:00:00,1.1337,1.1341,1.1335,1.1336,7841
23/01/2019 09:00:00,1.1336,1.1344,1.1332,1.134,8394
23/01/2019 10:00:00,1.134,1.1347,1.1335,1.1337,9269
23/01/2019 11:00:00,1.1337,1.1338,1.1331,1.1336,7144
23/01/2019 12:00:00,1.1336,1.1339,1.1333,1.1334,16598
23/01/2019 13:00:00,1.1334,1.1335,1.1324,1.1332,17285
23/01/2019 14:00:00,1.1331,1.1342,1.1328,1.1331,18739
23/01/2019 15:00:00,1.1331,1.1338,1.1328,1.1329,14383
23/01/2019 16:00:00,1.1329,1.1332,1.1328,1.1331,6565
23/01/2019 17:00:00,1.1331,1.1331,1.1322,1.1323,4845
23/01/2019 18:00:00,1.1323,1.1324,1.132,1.1322,4793
23/01/2019 19:00:00,1.1322,1.1327,1.1322,1.1324,3918
23/01/2019 20:00:00,1.1324,1.1325,1.1321,1.1321,3110
23/01/2019 21:00:00,1.1321,1.1326,1.1317,1.1318,4500
23/01/2019 22:00:00,1.1319,1.1325,1.1319,1.1324,4337
23/01/2019 23:00:00,1.1324,1.1326,1.132,1.1322,5567
24/01/2019 00:00:00,1.1322,1.1327,1.1321,1.1322,4511
24/01/2019 01:00:00,1.1322,1.1324,1.1319,1.1321,5811
24/01/2019 02:00:00,1.1321,1.1321,1.1318,1.132,2778
24/01/2019 03:00:00,1.132,1.1321,1.1319,1.132,2490
24/01/2019 04:00:00,1.132,1.1321,1.1319,1.132,2649
24/01/2019 05:00:00,1.132,1.1322,1.1317,1.1318,2777
24/01/2019 06:00:00,1.1318,1.1318,1.1308,1.1311,6970
24/01/2019 07:00:00,1.1311,1.132,1.1301,1.1306,21520
24/01/2019 08:00:00,1.1306,1.1306,1.1278,1.1279,17234
24/01/2019 09:00:00,1.1279,1.1289,1.1275,1.1288,11945
24/01/2019 10:00:00,1.1288,1.1294,1.1283,1.1292,10786
24/01/2019 11:00:00,1.1292,1.1298,1.1288,1.1289,14639
24/01/2019 12:00:00,1.129,1.1292,1.1269,1.1288,38428
24/01/2019 13:00:00,1.1288,1.1307,1.1286,1.1306,31335
24/01/2019 14:00:00,1.1306,1.131,1.1293,1.1294,19067
24/01/2019 15:00:00,1.1294,1.1297,1.1281,1.1283,19183
24/01/2019 16:00:00,1.1283,1.1284,1.1262,1.1263,14422
24/01/2019 17:00:00,1.1263,1.1267,1.1263,1.1267,8691
24/01/2019 18:00:00,1.1267,1.1268,1.126,1.1266,8092
24/01/2019 19:00:00,1.1266,1.127,1.1262,1.127,6065
24/01/2019 20:00:00,1.1269,1.1271,1.126,1.1265,4095
24/01/2019 21:00:00,1.1264,1.1266,1.1257,1.1262,35867
24/01/2019 22:00:00,1.1262,1.1266,1.126,1.1263,23796
24/01/2019 23:00:00,1.1263,1.1268,1.126,1.1262,8173
25/01/2019 00:00:00,1.1262,1.1268,1.126,1.1262,6538
25/01/2019 01:00:00,1.1261,1.1269,1.1261,1.1268,4051
25/01/2019 02:00:00,1.1268,1.1272,1.1266,1.127,5655
25/01/2019 03:00:00,1.127,1.1272,1.1268,1.1269,2109
25/01/2019 04:00:00,1.1269,1.1274,1.1268,1.1272,3287
25/01/2019 05:00:00,1.1271,1.1273,1.1266,1.1273,4689
25/01/2019 06:00:00,1.1273,1.1278,1.1269,1.1277,10354
25/01/2019 07:00:00,1.1277,1.1285,1.1272,1.1284,12819
25/01/2019 08:00:00,1.1284,1.1289,1.128,1.1286,11637
25/01/2019 09:00:00,1.1286,1.1292,1.1282,1.1291,9047
25/01/2019 10:00:00,1.1291,1.1309,1.129,1.1307,10816
25/01/2019 11:00:00,1.1307,1.1311,1.1302,1.1309,10298
25/01/2019 12:00:00,1.1309,1.1318,1.1308,1.1317,16324
25/01/2019 13:00:00,1.1317,1.1321,1.1313,1.1319,26253
25/01/2019 14:00:00,1.1319,1.1334,1.1318,1.1321,28103
25/01/2019 15:00:00,1.1321,1.1329,1.132,1.1327,15354
25/01/2019 16:00:00,1.1327,1.1332,1.1325,1.1328,11737
25/01/2019 17:00:00,1.1328,1.1331,1.1325,1.1327,8383
25/01/2019 18:00:00,1.1327,1.1333,1.1326,1.1332,8123
25/01/2019 19:00:00,1.1332,1.1337,1.1329,1.133,6546
25/01/2019 20:00:00,1.133,1.1332,1.1326,1.133,3527
25/01/2019 21:00:00,1.1329,1.133,1.1328,1.1328,14
25/01/2019 22:00:00,1.133,1.133,1.1322,1.1323,60
27/01/2019 20:00:00,1.1323,1.133,1.1322,1.1323,130
27/01/2019 21:00:00,1.1324,1.1331,1.1324,1.1329,2288
27/01/2019 22:00:00,1.1329,1.1334,1.1326,1.1328,2336
27/01/2019 23:00:00,1.1328,1.1331,1.1326,1.1326,3755
28/01/2019 00:00:00,1.1326,1.133,1.1325,1.1328,4247
28/01/2019 01:00:00,1.1328,1.1329,1.1325,1.1326,2782
28/01/2019 02:00:00,1.1327,1.1335,1.1325,1.1333,3523
28/01/2019 03:00:00,1.1333,1.1333,1.1328,1.1328,2811
28/01/2019 04:00:00,1.1328,1.1329,1.1324,1.1324,3088
28/01/2019 05:00:00,1.1324,1.1324,1.1312,1.1313,4075
28/01/2019 06:00:00,1.1313,1.1325,1.131,1.1324,5970
28/01/2019 07:00:00,1.1324,1.1325,1.1313,1.1316,12174
28/01/2019 08:00:00,1.1316,1.1318,1.131,1.1317,9155
28/01/2019 09:00:00,1.1317,1.1323,1.1316,1.1317,8907
28/01/2019 10:00:00,1.1317,1.1327,1.1317,1.1323,8471
28/01/2019 11:00:00,1.1323,1.1332,1.1322,1.1327,9117
28/01/2019 12:00:00,1.1328,1.1333,1.1327,1.133,11737
28/01/2019 13:00:00,1.133,1.1332,1.132,1.1331,19846
28/01/2019 14:00:00,1.1331,1.1338,1.1328,1.1338,17090
28/01/2019 15:00:00,1.1338,1.1346,1.1334,1.1335,12857
28/01/2019 16:00:00,1.1335,1.1336,1.1332,1.1333,5570
28/01/2019 17:00:00,1.1333,1.1335,1.1331,1.1334,5020
28/01/2019 18:00:00,1.1334,1.1335,1.1332,1.1333,5265
28/01/2019 19:00:00,1.1333,1.1335,1.1332,1.1335,5870
28/01/2019 20:00:00,1.1335,1.1336,1.1332,1.1334,3177
28/01/2019 21:00:00,1.1333,1.1336,1.133,1.1334,1069
28/01/2019 22:00:00,1.1334,1.1338,1.1332,1.1334,2295
28/01/2019 23:00:00,1.1334,1.1338,1.1333,1.1335,4043
29/01/2019 00:00:00,1.1336,1.1339,1.1335,1.1338,3461
29/01/2019 01:00:00,1.1339,1.1342,1.1337,1.1342,2980
29/01/2019 02:00:00,1.1342,1.1343,1.1337,1.1337,2571
29/01/2019 03:00:00,1.1337,1.134,1.1335,1.1338,2780
29/01/2019 04:00:00,1.1338,1.134,1.1336,1.1339,3541
29/01/2019 05:00:00,1.1339,1.1343,1.1339,1.1342,3746
29/01/2019 06:00:00,1.1343,1.1347,1.1341,1.1345,12347
29/01/2019 07:00:00,1.1345,1.1359,1.1343,1.1344,15960
29/01/2019 08:00:00,1.1344,1.1349,1.1338,1.1349,12365
29/01/2019 09:00:00,1.1349,1.1354,1.1347,1.135,10396
29/01/2019 10:00:00,1.135,1.1358,1.135,1.1358,12386
29/01/2019 11:00:00,1.1358,1.1358,1.1353,1.1354,11945
29/01/2019 12:00:00,1.1354,1.1356,1.135,1.1355,14176
29/01/2019 13:00:00,1.1354,1.1366,1.1351,1.1365,20314
29/01/2019 14:00:00,1.1365,1.1367,1.1352,1.1356,19636
29/01/2019 15:00:00,1.1356,1.1377,1.1356,1.1369,17585
29/01/2019 16:00:00,1.1369,1.1377,1.1368,1.1374,7900
29/01/2019 17:00:00,1.1374,1.1377,1.1371,1.1373,8463
29/01/2019 18:00:00,1.1373,1.1375,1.1371,1.1371,11063
29/01/2019 19:00:00,1.1371,1.1379,1.1368,1.1375,13247
29/01/2019 20:00:00,1.1376,1.1376,1.1372,1.1372,4706
29/01/2019 21:00:00,1.1371,1.1374,1.1366,1.1373,5194
29/01/2019 22:00:00,1.1373,1.1376,1.1371,1.1374,3251
29/01/2019 23:00:00,1.1375,1.1378,1.1374,1.1375,4166
30/01/2019 00:00:00,1.1375,1.1379,1.1371,1.1378,5084
30/01/2019 01:00:00,1.1378,1.1384,1.1378,1.138,3132
30/01/2019 02:00:00,1.138,1.1385,1.1379,1.1384,3168
30/01/2019 03:00:00,1.1384,1.1385,1.1383,1.1383,2252
30/01/2019 04:00:00,1.1383,1.1385,1.1382,1.1384,2616
30/01/2019 05:00:00,1.1384,1.1392,1.1383,1.1387,3892
30/01/2019 06:00:00,1.1387,1.1395,1.138,1.1387,13252
30/01/2019 07:00:00,1.1387,1.1395,1.1384,1.1389,17300
30/01/2019 08:00:00,1.1389,1.139,1.1385,1.1386,10917
30/01/2019 09:00:00,1.1386,1.1391,1.1383,1.1388,9849
30/01/2019 10:00:00,1.1388,1.1402,1.1385,1.14,10658
30/01/2019 11:00:00,1.14,1.1406,1.1398,1.1405,10136
30/01/2019 12:00:00,1.1405,1.1408,1.1401,1.1408,17747
30/01/2019 13:00:00,1.1408,1.1408,1.1394,1.1396,20889
30/01/2019 14:00:00,1.1396,1.1407,1.1396,1.1406,15333
30/01/2019 15:00:00,1.1406,1.1409,1.1401,1.1404,10823
30/01/2019 16:00:00,1.1403,1.141,1.14,1.1408,5202
30/01/2019 17:00:00,1.1408,1.1412,1.1404,1.1405,6044
30/01/2019 18:00:00,1.1405,1.1429,1.1404,1.1426,29424
30/01/2019 19:00:00,1.1426,1.1429,1.1412,1.1414,14673
30/01/2019 20:00:00,1.1414,1.1416,1.1411,1.1413,5130
30/01/2019 21:00:00,1.1412,1.1417,1.1407,1.1413,3478
30/01/2019 22:00:00,1.1412,1.1418,1.141,1.1414,4092
30/01/2019 23:00:00,1.1414,1.142,1.1408,1.1409,6082
31/01/2019 00:00:00,1.1409,1.1414,1.1409,1.1414,2974
31/01/2019 01:00:00,1.1414,1.1419,1.1413,1.1418,3993
31/01/2019 02:00:00,1.1418,1.142,1.1416,1.1417,3369
31/01/2019 03:00:00,1.1417,1.1422,1.1417,1.1419,2192
31/01/2019 04:00:00,1.1419,1.1421,1.1415,1.142,3319
31/01/2019 05:00:00,1.142,1.1425,1.1418,1.1425,3215
31/01/2019 06:00:00,1.1425,1.1429,1.1417,1.1417,14602
31/01/2019 07:00:00,1.1417,1.1424,1.1409,1.141,18151
31/01/2019 08:00:00,1.141,1.1418,1.1406,1.1406,17232
31/01/2019 09:00:00,1.1406,1.1408,1.1393,1.1396,15875
31/01/2019 10:00:00,1.1396,1.1408,1.1396,1.1408,13516
31/01/2019 11:00:00,1.1408,1.1415,1.1404,1.1413,12044
31/01/2019 12:00:00,1.1413,1.1415,1.1398,1.1414,18112
31/01/2019 13:00:00,1.1414,1.1425,1.1412,1.142,17635
31/01/2019 14:00:00,1.1419,1.142,1.1373,1.1381,19996
31/01/2019 15:00:00,1.1382,1.1396,1.1377,1.1382,24829
31/01/2019 16:00:00,1.1382,1.1383,1.1372,1.1377,8755
31/01/2019 17:00:00,1.1377,1.1382,1.1376,1.138,6054
31/01/2019 18:00:00,1.138,1.1383,1.1377,1.1383,4527
31/01/2019 19:00:00,1.1382,1.1384,1.1377,1.1384,6667
31/01/2019 20:00:00,1.1383,1.1387,1.1381,1.1387,1734
